{"cameraMode":{"drawMode":0,"name":"Shaded","section":"Shading Mode"},"sceneLighting":true,"audioPlay":false,"sceneViewState":{"showFog":true,"showMaterialUpdate":false,"showSkybox":true,"showFlares":true,"showImageEffects":true,"showParticleSystems":true},"in2DMode":false,"pivot":{"x":9.374267578125,"y":40.7431640625,"z":-0.4375},"rotation":{"x":0.031182533130049707,"y":-0.014393795281648636,"z":-0.0004861049819737673,"w":-0.9994362592697144},"size":44.65823745727539,"orthographic":true}