{"cameraMode":{"drawMode":0,"name":"Shaded","section":"Shading Mode"},"sceneLighting":false,"audioPlay":false,"sceneViewState":{"showFog":true,"showMaterialUpdate":false,"showSkybox":false,"showFlares":true,"showImageEffects":true,"showParticleSystems":true},"in2DMode":false,"pivot":{"x":12.291118621826172,"y":25.64574432373047,"z":-18.734527587890626},"rotation":{"x":0.031182533130049707,"y":-0.014393795281648636,"z":-0.0004861049819737673,"w":-0.9994362592697144},"size":0.4405834674835205,"orthographic":true}