{"cameraMode":{"drawMode":0,"name":"Shaded","section":"Shading Mode"},"sceneLighting":true,"audioPlay":false,"sceneViewState":{"showFog":true,"showMaterialUpdate":false,"showSkybox":true,"showFlares":true,"showImageEffects":true,"showParticleSystems":true},"in2DMode":false,"pivot":{"x":2.600189208984375,"y":57.4873046875,"z":6.58984375},"rotation":{"x":-0.05578009784221649,"y":-0.0053942338563501839,"z":0.0003009015927091241,"w":-0.9984321594238281},"size":12.297430038452149,"orthographic":true}