{"cameraMode":{"drawMode":0,"name":"Shaded","section":"Shading Mode"},"sceneLighting":true,"audioPlay":false,"sceneViewState":{"showFog":true,"showMaterialUpdate":false,"showSkybox":true,"showFlares":true,"showImageEffects":true,"showParticleSystems":true},"in2DMode":false,"pivot":{"x":5.498291015625,"y":41.33447265625,"z":-0.48828125},"rotation":{"x":0.031182533130049707,"y":-0.014393795281648636,"z":-0.0004861049819737673,"w":-0.9994362592697144},"size":22.14164161682129,"orthographic":true}